202752,312000,Eve Stream - eVTOL,https://embraer.sharepoint.com/sites/EVEStream-eVTOL
166912,312000,Prototyping Ops,https://embraer.sharepoint.com/sites/DemoFlight
137216,312000,Eve Stream - UATM,https://embraer.sharepoint.com/sites/UATMProductDevelopmentStrategy
121856,312000,Talent Management,https://embraer.sharepoint.com/sites/TalentManagement931
134144,312000,Corporate Materials - Innovation,https://embraer.sharepoint.com/sites/CorporateStrategyMaterials
109568,312000,Legal - PRIVATE,https://embraer.sharepoint.com/sites/Legal-INTERNO
133120,312000,EVE - Safety/SW/Sys Development, Cyber & SE team,https://embraer.sharepoint.com/sites/EVE-SafetySWSysDevelopmentCyberSEteam
133120,312000,EVE - Safety/SW/Sys Development, Cyber & SE team,https://embraer.sharepoint.com/sites/EVE-SafetySWSysDevelopmentCyberSEteam
98304,312000,EVE SBP work,https://embraer.sharepoint.com/sites/EVESBPwork
92160,312000,PERSONAL - EDU,https://embraer.sharepoint.com/sites/PERSONAL-EDU
72704,312000,EVE STREAM - ECOSYSTEM PLANNING,https://embraer.sharepoint.com/sites/EISPLANNING
102400,312000,Eve Industrial Strategy & Infrastructure,https://embraer.sharepoint.com/sites/EVEIndustrialStrategy
51200,312000,Corporate Development,https://embraer.sharepoint.com/sites/CorporateDevelopment
51200,312000,PROGRAM EVE,https://embraer.sharepoint.com/sites/ProgramsTeam
102400,312000,Data Strategic,https://embraer.sharepoint.com/sites/DataStrategic
51200,312000,Risk & Internal Controls Team!,https://embraer.sharepoint.com/sites/RiskManagementInternalControls
51200,312000,Eve Noise and Vibration Team,https://embraer.sharepoint.com/sites/EveNoiseandVibrationTeam
51200,312000,Eve Strategic Plan,https://embraer.sharepoint.com/sites/EveStrategicPlan447
51200,312000,Eve Team - Employee Journey,https://embraer.sharepoint.com/sites/EVEHRTeam
51200,312000,EVE STREAM - US ECOSYSTEM,https://embraer.sharepoint.com/sites/EVESTREAM-USECOSYSTEM
153600,312000,Accounting, Tax and Treasury,https://embraer.sharepoint.com/sites/AccountingTaxandTreasury
51200,312000,EVE IT,https://embraer.sharepoint.com/sites/EVEIT
51200,312000,ESG Sustainability,https://embraer.sharepoint.com/sites/ESGSustainability
132096,312000,Eve Team - Controllership,https://embraer.sharepoint.com/sites/Controladoria-EVE
51200,312000,Eve Team - Industrial Design,https://embraer.sharepoint.com/sites/EveTeam-IndustrialDesign
51200,312000,Eve Team - Industrial Design,https://embraer.sharepoint.com/sites/EveTeam-IndustrialDesign
51200,312000,Engineering Project Management,https://embraer.sharepoint.com/sites/EngineeringProjectManagement
51200,312000,EVE AIR MOBILITY - AIRWORTHINESS,https://embraer.sharepoint.com/sites/EVEAIRMOBILITY-AIRWORTHINESS
51200,312000,Eve Team - Electric and Electronic Systems,https://embraer.sharepoint.com/sites/EveTeam-ElectricPropulsion2
51200,312000,EVE Manufacturing Engineering Team,https://embraer.sharepoint.com/sites/EVEManufacturingEngineeringTeam
51200,312000,Finance Team,https://embraer.sharepoint.com/sites/FinanceiroEVE
51200,312000,CPESGeando,https://embraer.sharepoint.com/sites/CPESGEANDO
51200,312000,data_analysis,https://embraer.sharepoint.com/sites/data_analysis
51200,312000,Embraer X - Eve Project,https://embraer.sharepoint.com/sites/EmbraerX-EveProject-com
51200,312000,EVE Flight Ops,https://embraer.sharepoint.com/sites/FlightOps28
51200,312000,Interiores SKY,https://embraer.sharepoint.com/sites/InterioresSKY
51200,312000,Executive Care Connections,https://embraer.sharepoint.com/sites/ExecutiveCareConnections
51200,312000,Apresentação EVE e UAM: L0 Construction,https://embraer.sharepoint.com/sites/ApresentaoEVEeUAML0Construction
51200,312000,Expertise Team,https://embraer.sharepoint.com/sites/ExpertiseTeam
51200,312000,UX core,https://embraer.sharepoint.com/sites/UXcore
51200,312000,Competitive Intel & Rumors,https://embraer.sharepoint.com/sites/UAMCompetitiveLandscape
51200,312000,UATM Share,https://embraer.sharepoint.com/sites/UATMShare
51200,312000,HMI Training,https://embraer.sharepoint.com/sites/HMITraining
51200,312000,Governance Channel - MGT,https://embraer.sharepoint.com/sites/GovernanceChannel-MGT
51200,312000,Design system,https://embraer.sharepoint.com/sites/Designsystem385
51200,312000,Vehicle Safety, Cyber and Processes Assurance,https://embraer.sharepoint.com/sites/SafetyandProcessAssurance
51200,312000,Techs4ESG,https://embraer.sharepoint.com/sites/Techs4ESG
51200,312000,eVTOL DIP,https://embraer.sharepoint.com/sites/eVTOLDIP
51200,312000,Enterprise Risk Management (ERM),https://embraer.sharepoint.com/sites/EnterpriseRiskManagementERM
51200,312000,HR Compensation,https://embraer.sharepoint.com/sites/HRCompensation
51200,312000,EHS SJK,https://embraer.sharepoint.com/sites/EHSSJK
51200,312000,Training Provider Selection,https://embraer.sharepoint.com/sites/TrainingProviderSelection
51200,312000,UAM Project,https://embraer.sharepoint.com/sites/UAMSAProject
51200,312000,EVE FAQ,https://embraer.sharepoint.com/sites/EVEFAQ61
51200,312000,Eve UATM Commercialization Strategy,https://embraer.sharepoint.com/sites/EveUATMCommercializationStrategy
51200,312000,EVE + EDO - Interior Concept,https://embraer.sharepoint.com/sites/EVEEDO-InteriorConcept2
51200,312000,Certification Basis discussion,https://embraer.sharepoint.com/sites/CertificationBasisdiscussion
51200,312000,EHS EVE,https://embraer.sharepoint.com/sites/EHS760
51200,312000,Leasing Strategy,https://embraer.sharepoint.com/sites/LeasingStrategy
51200,312000,Fórum de Cálculo de Cargas em Componentes,https://embraer.sharepoint.com/sites/ComponentLoads-RoadMap
51200,312000,BR Market - Helisul & Volocopter & EmbraerX,https://embraer.sharepoint.com/sites/BRMarket-HelisulVolocopterEmbraerX
51200,312000,VSS N2 Leadership,https://embraer.sharepoint.com/sites/NewEmbraerVSSTechCareLeadership
51200,312000,EVE Aeronautics,https://embraer.sharepoint.com/sites/EVEAeronautics
51200,312000,Visibilidade Vagas VTE,https://embraer.sharepoint.com/sites/VisibilidadeVagasVTE
